basic,Rose,0xffE8ADAA,"The color rose always had a strong female association due to its warmth, softness and connection with love and emotion. ‘Rose’ has also been linked to beauty and positivity"
basic,Powder Pink,0xffFFB2D0,Mix pink and a little white and you get powder pink. it also makes you feel sweetness and romance
basic,Peach,0xffFFB07C,"Peach is a unique mixture of orange, yellow and white. it gives a sense of joy, warmness, comfortability, considered as a positive, soft, fuzzy and fruity color"
basic,Maroon,0xff650021,"Maroon is a very dark shade of red. Because of its dark red hue, maroon can still sometimes look similar to brown. it feels like Passion, love, anger, energy and danger"
basic,Arty Click Magenta,0xffFF00FF,"it is a shade of the pink and fuchsia families. Magenta is the color of universal harmony and emotional balance. It contains the passion, power and energy of red, restrained by the introspection and quiet energy of violet."
basic,Navy,0xff01153E,"Navy is a very dark shade of blue…classic, royal, nautical, strong color"
basic,Baby Blue,0xffA2CFFE,"Baby blue is like sky blue but paler, used as the color for newborn males. Young, fresh ,playful color"
basic,Royal Blue,0xff2B60DE,"Royal blue is a deep, vivid blue. It is lighter than navy blue. Its associated with open spaces, freedom, intuition, inspiration and sensitivity"
basic,Light grey,0xffD8DCD6,"Light shade of grey “mixture of black and white “like the clouds... mature, responsible, strict color “the color of old ages”"
basic,Dark grey,0xff363737,"dark shade of grey “mixture of black and white “ like the color of asphalt…Serious, formal, classic, gothic, authoritative, conservative, pious and respectful color "
basic,Teal,0xff029386,"Teal is a deep blue-green color, and is symbolic of the infinity of the sea and sky. Represents open communication and clarity of thought” the color of truth and faith for Egyptians”"
basic,Light Olive Green,0xffA4BE5C,"Olive green is dark yellowish-green color... widely used as a camouflage color especially in military, positive, classic color"
basic,Dark Grass Green,0xff388004,"Dark Grass Green” mixture of yellow , blue and green” from the dark shades of spring green like the color of the grass and leaves…natural ,positive ,grassy color"
basic,Aqua,0xff13EAC9,"Aqua is a variation of cyan that sits between green and blue ....evokes feelings of water , refreshing , positivity ,youth and dreaminess"
basic,Turquoise Blue,0xff6CDAE7,"Turquoise is a shade of blue “mixture of blue and little green “ color of oceans, gemstone and water...positive ,calmly ,restful ,cool color"
basic,Dark Orange,0xffFF8C00,"Is the dark shade of orange...Afresh, youthful, and creative color. It has the warmth of red and the optimism of yellow, also it attracts attention as it used for warning signs"
basic,pale lime,0xffBEFD73,"pale Lime is a bright, shade of green, like the bright shades of trees and grass.. luminous, natural, positive, grassy color"
basic,Bright Gold,0xffFDD017,"Bright gold from yellow shades , mixture between orange and yellow like the gold metal… positive ,happy ,comfort color"
basic,Sunny Yellow,0xffFFF917,"Sunny yellow from the shades of yellow, The color of sunshine and sunflowers... is an optimistic, playful, and happy color"
basic,Beige,0xffF5F5DC,"Beige is a light, sandy fawn color...used to describe pale and light brown shades,considered as calm, relaxing, and dependable"
basic,Dark Violet,0xff9400D3,"Dark violet from the dark shades of purple “mixture of red and blue”, a femine color ,indicates to the creativity ,imagination ,luxury and wealth"
basic,Indigo,0xff4B0082,"indigo is a dark purplish blue, mixture of purple and blue… positive spiritual meditative nostalgic color"
basic,Purple Jam,0xff6A287E,"Purple jam from the dark shades of purple “mixture of red and blue “, smells like grape … A rich , royal and regality color"
basic,Eggplant,0xff380835,"Eggplant from the dark shades of magenta dark purple or brownish-purple color, like the magenta color in rainbow but darker and Aubergine plant…dramatic, rich ,royal ,sensual color"
basic,Lavender,0xffB57EDC,"Lavender is the shade obtained by “mixing purple with white”,  like a sort of very diluted purple, positive romantic nostalgic color like the color of lavender , orchid flowers and flowers in spring"
basic,Light brown,0xffB5651D,"Light brown from the light shades of wood with orange undertone, feel like a solid, earthy color"
basic,Persian Red,0xffCC3333,"Persian red is a deep reddish orange color…. A Color of courage, anger, passion and love"
basic,black,0xff000000,"The deepest color is black, which is similar to the color of darkness…elegant, little mysterious color ,most used in graphic design"
basic,white Smoke,0xffF5F5F5,"White smoke is a slightly gray shade of off white…spotless, silent, innocent color, not pure and bright as white but paler"
basic,Firebrick,0xff800517,"Firebrick from the shades of crimson (deep red color) like the color of blood and fire .... A Color of courage , anger, passion and love"
Rose,Rose Taupe,0xff905D5D,"The color taupe is a shade from the rose color, and it’s a combination of the rose and brown color. taupe is often found in interiors that seek to be cozy and welcoming"
Rose,Dusty Rose ,0xffC0737A,"A soft mix of pink and purple hues, the color Dusty Rose is timeless and elegant but not extravagantly showy. Its soft and cozy color also adds depth and tranquility. Dusty Rose is usually associated with affection, love, romance and happiness. Dark, natural green shades work best with Dusty Rose"
Rose,Faded Pink ,0xffDE9DAC,"It’s also a shade of rose and pink family. It makes you think of sensitivity, femininity, sweetness, and romance, making it quite a gentle color"
Rose,Misty Rose ,0xffFFE4E1,It’s a light shade of rose and also seems to femininity and romance
Rose,Lemon Chiffon ,0xffFFF8C6,"In the first while it seems like we talk about the green color but it’s not. It's the lightest shade of yellow. it’s a combination of the yellow and white colors. It’s a positive, calm, neutral , smooth color"
Rose,Brass ,0xffB5A642,"Brass belongs to the family of olive green, a mixture of olive green and brown. used in painting metals and instruments. positive, neutral, warm color"
Rose,Very pale green ,0xffCFFDBC,"very pale green from the lightest shade of green. positive, calm ,neutral ,natural ,smooth color"
Rose,grey Green ,0xff789B73,"Grey green” green and grey mixed” is from the shades of pastel green, color of trees and grass…. positive, calm, neutral, natural color"
Rose,Heathered grey ,0xffB6B095,"It is a mixture between white, black and a little brown. And the word Heather refers to a soft, muted color caused by blending different fibers into one yarn"
Rose,Dark blue green ,0xff005249,"It is a mixture between blue green and a little black, represents cool calmness and peace, Because the color is commonly found in nature from fish, like the blue-green damselfish, to lakes, it is best used with colors you see outdoors"
Powder Pink,Milk white ,0xffFEFCFF,"White has been elected as a symbol of goodness, spirituality, purity, godliness, and sacredness"
Powder Pink,Peach schnapps ,0xffFFDCD6,"Mixture of Peach and a little white. It gives a sense of joy, warmness. considered as a positive, soft and fruity color"
Powder Pink,Dark pink ,0xffE75480,Mixture of pink and a little blue. it also makes you feel sweetness and romance
Powder Pink,Salmon pink ,0xffFE7B7C,"salmon pink is used to refer to colors ranging from pale pinkish-orange to light pink, it is considered a hopeful color and a signal of health and happiness.)"
Powder Pink,Dairy cream ,0xffF9E4BC,"Dairy Cream gets its name from the dairy product naturally produced by grazing cows.  A quiet and pleasant shade, cream is neutral, calm and relaxing"
Powder Pink,Vanilla ,0xffD1BEA8,"Vanilla color is a very light shade of brown mostly used in home paintings ( dining room ,kitchen ,bed room) ...A warm ,calm , classic ,positive ,smooth color"
Powder Pink,Light grey ,0xffD8DCD6,"Light shade of grey “mixture of black and white “like the clouds...mature, responsible, strict color “the color of old ages'"
Powder Pink,Jagged ice ,0xffC2E8E5,"Light shade of baby blue with a little tone of cyan color.... young, refreshing, cool color"
Powder Pink,Fountain blue ,0xff56B4BE,"Fountain Blue color is primarily a color from the Blue color family. It is also .... young, refreshing, cool color. It is a mixture of cyan color."
Powder Pink,Dark blue grey ,0xff1F3B4D,"Dark blue grey as a color can be often confused with Navy Blue as they are closely related., it is also classic, royal, nautical, strong color"
Peach,beige ,0xffF5F5DC,"Beige is a light, sandy fawn color...used to describe pale and light brown shades, considered as calm, relaxing, and dependable"
Peach,Peach puff ,0xffFFDAB9,"Peach Puff belongs to the family of pastel orange, a mixture of orange, yellow and white. and also gives a sense of joy, warmness, soft, and fuzzy"
Peach,Dark salmon ,0xffE9967A,"Dark salmon is a mixture of salmon and a little grey. it is used to refer to colors ranging from pale pinkish-orange to light pink, it is considered a hopeful color and a signal of health and happiness"
Peach,French beige ,0xffA67B5B,"it is light brown that is darker yellower than blush and redder darker than cork. warm, natural, traditional earthy color Gives you reliability, elegance, security, healing, home, grounding, foundations, stability, warmth, and honesty"
Peach,Cedar ,0xff3E1C14,"cedar from the shades of dark red close to the brown tones,...positive ,strong, established ,earthy color"
Peach,Dark blue green ,0xff005249,"It is a mixture between blue green and a little black, represents cool calmness and peace, Because the color is commonly found in nature from fish, like the blue-green damselfish, to lakes, it is best used with colors you see outdoors"
Peach,Teal ,0xff029386,"Teal is a deep blue green color, is symbolic of the infinity of the sea and sky. Represents open communication and clarity of thought” the color of truth and faith for Egyptians"
Peach,Baby blue ,0xffA2CFFE,"Baby blue is like sky blue but paler, used as the color for newborn males. Young, fresh ,playful color"
Peach,grey olive ,0xffA9A491,"It is a mixture of white, light grey and a bit of olive color. It is a perfect paint color for a rich and historical statement in a dining room or public space. A soft peaceful color and also was widely used as a camouflage color for uniforms and equipment in the armed forces"
Peach,Dark grey ,0xff363737,"dark shade of grey “mixture of black and white “ like the color of asphalt…Serious, formal, classic, gothic, authoritative, conservative, pious and respectful color"
Maroon,Deep brown ,0xff410200,"it is the darker shade of brown, it is a color found both in nature and in everyday surroundings. From human eyes to tree barks, brown, in all of its various shades, predominates the landscape"
Maroon,Potters clay ,0xff8C5738,"It is a shade of the brown color family that cultivates those feelings of comfort, tranquility, and energy that come with the budding blooms of the spring season"
Maroon,Muddy waters ,0xffB78E5C,"Muddy water is a mixture of brown and orange colors like the color of mud. warm, natural ,traditional earthy color"
Maroon,Sand ,0xffE2CA76,it is a dark shade of golden color. it is derived from the critters often seen washing up on the beach. It is reminiscent of the beach and warm summer days.
Maroon,Sandy yellow ,0xffFDEE73,"It is known as beach color and is characterized by being a very light shade of yellow. It’s a positive, comfort, optimistic, playful, and happy color"
Maroon,Orange gold ,0xffD4A017,"It is a shade of the orange color family. and stands for prestige, wisdom, illumination, wealth, and quality"
Maroon,Red Fox ,0xffC35817,it is a shade of the red color family but darker. It is a mixture of red and brown. It gives you a warm and hot feeling.
Maroon,Thistle green ,0xffCCCAA8,"Thistle Green from the yellow shades with a little green undertone…. calm ,natural, lightweight color"
Maroon,Frog green ,0xff99C68E,"it is the dark shade of the very pale green color.....calm ,natural ,lightweight, grassy color"
Maroon,Woodland,0xff4D5328,"it is the darkest shade of olive color. A positive, classic color"
Arty Click Magenta,Vanilla Ice ,0xffF3D9DF,"vanilla ice is the pinkish shade of the vanilla color “light shade of pink”... romantic , smooth , soft , lightweight color"
Arty Click Magenta,Lavender Rose ,0xffFBA0E3,"It is a mixture of the rose and lavender colors. Lavender earned its name from the flower. Gives you a sense like a sort of very diluted purple, positive, romantic and nostalgic color"
Arty Click Magenta,Sky magenta ,0xffCF71AF,"it is a mixture of violet and red. Magenta is the color of universal harmony and emotional balance. It contains the passion, power and energy of red, restrained by the introspection and quiet energy of violet"
Arty Click Magenta,Dark Magenta ,0xff8B008B,"it is a darker shade of magenta. and The magenta color is a mixture of violet and red. Magenta is the color of universal harmony and emotional balance. It contains the passion, power and energy of red, restrained by the introspection and quiet energy of violet."
Arty Click Magenta,Dark grey ,0xff363737,"dark shade of grey “mixture of black and white “ like the color of asphalt…Serious, formal, classic, gothic, authoritative, conservative, pious and respectful color "
Arty Click Magenta,grey olive ,0xffA9A491,"It is a mixture of white, light grey and a bit of olive color. It is a perfect paint color for a rich and historical statement in a dining room or public space. A soft peaceful color and also was widely used as a camouflage color for uniforms and equipment in the armed forces"
Arty Click Magenta,Teal,0xff029386,"Teal is a deep blue-green color, and is symbolic of the infinity of the sea and sky. Represents open communication and clarity of thought” the color of truth and faith for Egyptians”"
Arty Click Magenta,Fountain blue ,0xff56B4BE,"Fountain Blue color is primarily a color from the Blue color family. It is also .... young, refreshing, cool color. It is a mixture of cyan color."
Arty Click Magenta,Jagged ice ,0xffC2E8E5,"Light shade of baby blue with a little tone of cyan color...young, refreshing, cool color"
Arty Click Magenta,Dark blue grey ,0xff1F3B4D,"Dark blue grey as a color can be often confused with Navy Blue as they are closely related., it is also classic, royal, nautical, strong color."
Navy,Slate grey ,0xff708090,"Slate gets its name from the rock used as a popular building material. Slate’s color varies in nature and can be gray, blue, black, and even purplish-gray. neutral, cool, balanced, calming, often emotionless, yet also contemporary, sophisticated, intelligent, conservative, and practical"
Navy,Dusty blue ,0xff5A86AD,"is a color averaging a pale blue that is redder and darker than average powder blue. Its considered as a clinical, claiming, creative and cleanliness color"
Navy,Light blue gray ,0xffB7C9E2,"It is a paler shade of blue grey. It feels like a peaceful, calming color"
Navy,Light Grey ,0xffD8DCD6,"Light shade of grey “mixture of black and white “ like the clouds …mature , responsible ,strict color “ the color of old ages”"
Navy,Baby blue ,0xffA2CFFE,"Baby blue is like sky blue but paler, used as the color for newborn males. Young, fresh ,playful color"
Navy,beige,0xffF5F5DC,"Beige is a light, sandy fawn color...used to describe pale and light brown shades, considered as calm, relaxing, and dependable."
Navy,desert sand ,0xffEDC9AF,"A cross between orange and brown, desert sun is warm and welcoming without the youthful quality of tangerine or a brighter orange. and also gives a sense of joy, warmness, soft, and fuzzy"
Navy,Rose taupe ,0xff905D5D,"The color taupe is a shade from the rose color, and it’s a combination of the rose and brown color. taupe is often found in interiors that seek to be cozy and welcoming."
Navy,Tan ,0xffD1B26F,"Tan is a pale shade of brown , evokes warmth and security...considered as a positive, rustic ,woody color "
Navy,Pale brown ,0xff987654,"it is like the brown color but paler. Gives you reliability, elegance, security, healing, home, grounding, foundations, stability, warmth, and honesty"
Baby Blue,Hippie blue ,0xff589AAF,"(Hippie Blue color is primarily a color from the Blue color family. It is a mixture of cyan color. Also considered as a clinical, claiming, creative and cleanliness color"
Baby Blue,Light blue gray ,0xffB7C9E2,"It is a paler shade of blue grey. It feels like a peaceful, calming color"
Baby Blue,Light Grey ,0xffD8DCD6,"Light shade of grey “mixture of black and white “like the clouds... mature, responsible, strict color “ the color of old ages”"
Baby Blue,Slate grey ,0xff708090,"Slate gets its name from the rock used as a popular building material. Slate’s color varies in nature and can be gray, blue, black, and even purplish-gray. neutral, cool, balanced, calming, often emotionless, yet also contemporary, sophisticated, intelligent, conservative, and practical."
Baby Blue,beige ,0xffF5F5DC,"Beige is a light, sandy fawn color...used to describe pale and light brown shades, considered as calm, relaxing, and dependable.)"
Baby Blue,Teal,0xff029386,"Teal is a deep blue-green color, and is symbolic of the infinity of the sea and sky. Represents open communication and clarity of thought” the color of truth and faith for Egyptians”"
Baby Blue,Dark blue grey ,0xff1F3B4D,"Dark blue grey as a color can be often confused with Navy Blue as they are closely related., it is also classic, royal, nautical, strong color"
Baby Blue,Rose,0xffE8ADAA,"The color rose always had a strong female association due to its warmth, softness and connection with love and emotion. ‘Rose’ has also been linked to beauty and positivity"
Baby Blue,desert sand ,0xffEDC9AF,"A cross between orange and brown, desert sun is warm and welcoming without the youthful quality of tangerine or a brighter orange. and also gives a sense of joy, warmness, soft, and fuzzy"
Baby Blue,Rose taupe ,0xff905D5D,"The color taupe is a shade from the rose color, and it’s a combination of the rose and brown color. taupe is often found in interiors that seek to be cozy and welcoming."
Royal Blue,fountain blue ,0xff56B4BE,"Fountain Blue color is primarily a color from the Blue color family. It is also .... young, refreshing, cool color. It is a mixture of cyan color"
Royal Blue,Aqua island ,0xffA1DAD7,"it is a variation of cyan that sits between green and blue, but darker than cyan. It is also a young, refreshing, cool color. It is a mixture of cyan color."
Royal Blue,Light blue gray ,0xffB7C9E2,"It is a paler shade of blue grey. It feels like a peaceful, calming color."
Royal Blue,Light Grey ,0xffD8DCD6,"Light shade of grey “mixture of black and white “like the clouds… mature, responsible ,strict color “ the color of old ages”)"
Royal Blue,Light lavender ,0xffDFC5FE,"Light Lavender comes out by  “mixing purple with white” ,  like a sort of very diluted purple.. positive romantic nostalgic color"
Royal Blue,Slate grey ,0xff708090,"Slate gets its name from the rock used as a popular building material. Slate’s color varies in nature and can be gray, blue, black, and even purplish-gray. neutral, cool, balanced, calming, often emotionless, yet also contemporary, sophisticated, intelligent, conservative, and practical"
Royal Blue,Rose,0xffE8ADAA,"The color rose always had a strong female association due to its warmth, softness and connection with love and emotion. ‘Rose’ has also been linked to beauty and positivity"
Royal Blue,desert sand ,0xffEDC9AF,"A cross between orange and brown, desert sun is warm and welcoming without the youthful quality of tangerine or a brighter orange. and also gives a sense of joy, warmness, soft, and fuzzy."
Royal Blue,Peach puff ,0xffFFDAB9,"Peach Puff belongs to the family of pastel oranges, a mixture of orange, yellow and white. and also gives a sense of joy, warmness, soft, and fuzzy"
Royal Blue,melon,0xffFEBAAD,"it is a shade from the orange color family but lighter, it is a pinkish shade of orange. and also gives a sense of joy, warmness, soft, and fuzzy"
Light grey,Pacific blue ,0xff009DC4,"is a very saturated, very light cold bluish cyan, It feels like a peaceful, calming color."
Light grey,fountain blue ,0xff56B4BE,"Fountain Blue color is primarily a color from the Blue color family. It is also .... young, refreshing, cool color. It is a mixture of cyan color"
Light grey,Caribbean green ,0xff00CC99,"is a very saturated, very light cold spring green. represents cool calmness and peace"
Light grey,Purple Pink ,0xffE03FD8,"is a saturated very light warm reddish magenta. Magenta is the color of universal harmony and emotional balance. It contains the passion, power and energy of red, restrained by the introspection and quiet energy of violet"
Light grey, Flirt ,0xffA2006D,"is a very saturated light warm rose. had a strong female association due to its warmth, softness and connection with love and emotion"
Light grey,Rose ,0xffE8ADAA,"The color rose always had a strong female association due to its warmth, softness and connection with love and emotion. ‘Rose’ has also been linked to beauty and positivity."
Light grey,Peach puff ,0xffFFDAB9,"Peach Puff belongs to the family of pastel oranges, a mixture of orange , yellow and white. and also gives a sense of joy, warmness, soft ,and fuzzy"
Light grey,melon,0xffFEBAAD,"it is a shade from the orange color family but lighter, it is a pinkish shade of orange. and also gives a sense of joy, warmness, soft, and fuzzy"
Light grey,Apple blossom ,0xffAF4D43,is a saturated dark warm red. It gives you sense of warm and hot feeling
Light grey,Bean red ,0xffF75D59,is a saturated very very light warm red. It also gives you a sense of warm and hot feeling
Dark grey,Light lavender ,0xffDFC5FE,"Light Lavender comes out by  “mixing purple with white” ,  like a sort of very diluted purple.. positive romantic nostalgic color"
Dark grey,Light blue gray ,0xffB7C9E2,"It is a paler shade of blue grey. It feels like a peaceful, calming color.)"
Dark grey,Turquoise blue ,0xff6CDAE7,"Turquoise is a shade of blue “mixture of blue and little green “ color of oceans, gemstone and water...positive ,calmly ,restful ,cool color "
Dark grey,Corn yellow ,0xffFFF380,"is a saturated, very light and warm reddish yellow. It’s a positive, happy, comfort color"
Dark grey,Light Aqua ,0xff8CFFDB,"it gives you an unsaturated very light color it gives you cold spring feeling. Also considered as a positive, calm, smooth color"
Dark grey,Flirt,0xffA2006D,"is a very saturated light warm rose. had a strong female association due to its warmth, softness and connection with love and emotion"
Dark grey, Rose ,0xffE8ADAA,"The color rose always had a strong female association due to its warmth, softness and connection with love and emotion. ‘Rose’ has also been linked to beauty and positivity"
Dark grey,melon,0xffFEBAAD,"it is a shade from the orange color family but lighter, it is a pinkish shade of orange. and also gives a sense of joy, warmness, soft, and fuzzy"
Dark grey,desert sand ,0xffEDC9AF,"A cross between orange and brown, desert sun is warm and welcoming without the youthful quality of tangerine or a brighter orange. and also gives a sense of joy, warmness, soft, and fuzzy."
Dark grey,Bean red ,0xffF75D59,"It is a saturated, very very light warm red, it also gives you a sense of warm and hot feeling."
Teal,Petrol,0xff005F6A,petrol is greyish blue color tinted with cyan(more bluish than teal )...positive calming sophisticated confident color
Teal,Jungle green,0xff29AB87,"is a very saturated light cold spring green. claiming, creative and cleanliness color"
Teal,Downy,0xff6FD0C5,"Downy belongs to the soft shades of Pastel Cyan (mixture of green and cyan) ,...considered as a clinical ,claiming, creative  and cleanliness color"
Teal,Mint Tulip ,0xffC4F4EB,"Lighter shade of baby blue. Young, fresh, playful color and gives you a cold spring feeling"
Teal,Copper Rose ,0xff996666,"is an unsaturated light warm red. It makes you feel love, romance and happiness also cozy and welcoming"
Teal,Dark Salmon ,0xffE9967A,"Dark salmon is a mixture of salmon and a little grey. it is used to refer to colors ranging from pale pinkish-orange to light pink, it is considered a hopeful color and a signal of health and happiness"
Teal,Melon ,0xffFEBAAD,"it is a shade from the orange color family but lighter, it is a pinkish shade of orange. and also gives a sense of joy, warmness, soft, and fuzzy"
Teal,Cavern Pink ,0xffE3BEBE,"is a very unsaturated, very light warm red. It always had a strong female association due to its warmth, softness and connection with love and emotion"
Teal,Mountbatten Pink ,0xff997A8D,"is a very unsaturated light warm rose. It’s a positive,romantic, thoughtful color"
Teal,Pastel Grey ,0xffCFCFC4,"light shade of yellow green... mature, responsible, strict color “the color of old '"
Teal,Porcelain ,0xffEFF2F3,"porcelain is a very light shade of grey close to white color…  A cold, calm , lightweight , smooth and clear color"
Light Olive Green,Lunar Green ,0xff3C493A,"Lunar green from the dark shades of pastel green, A soft peaceful color as the color of grass and trees but a little darker"
Light Olive Green,Greyish Green ,0xff82A67D,"Greyish green from the shades of pastel green (mixture of green and grey colors) , A soft peaceful color  as the color of grass and trees but a little lighter.…Positive ,nature, calm color "
Light Olive Green,Lemon Grass ,0xff9B9E8F,"Lemon grass belongs to shades of pastel yellow (pale yellow green) as a Dry leaves. Neutral, basic, tasteless color"
Light Olive Green,Pale Silver ,0xffC9C0BB,"Pale silver is a warm gray with a very slight tinge of orange red…positive, smooth   ,restful ,calming color"
Light Olive Green,Cedar,0xff3E1C14,"Cedar from the shades of dark red close to the brown tones.... positive, strong ,established ,earthy color"
Light Olive Green,Pinkish Brown ,0xffB17261,"Pinkish brown from the shades of red color results from the combination of red and orange colors...positive, earthy ,natural color"
Light Olive Green,Persian Orange ,0xffD99058,"Persian orange from the shades of orange, Moderate orange that is yellower, stronger, and slightly darker than honeydew, redder and lighter than ocher brown, and redder and deeper than average apricot …positive, warm ,fruitful color"
Light Olive Green,Rose Fog ,0xffE7BCB4,"Rose fog from the light shades of pastel red…lightweight ,romantic ,nostalgic ,soft color"
Light Olive Green,Tequila ,0xffFFE6C7,"Tequila belongs to the light shades of pastel  orange…Lightweight ,classic, positive ,soft color"
Light Olive Green,Mustard,0xffCEB301,"Mustard comes from mixing yellow color with little amount of orange… warm    ,luminous, positive color"
Dark Grass Green,green peas ,0xff89C35C,"Green peas  from the dark shades of spring green (yellow and cyan) like the color of the peas and vegetables.. …calm, natural, positive, grassy color"
Dark Grass Green,Light grey green,0xffB7E1A1,"Light grey green “green and grey mixed” is from the shades of pastel  spring green lighter from the dark grass green and green peas..…calm ,natural ,positive ,grassy color"
Dark Grass Green,Bay Leaf ,0xff7DA98D,"Bay leaf from the shades of ocean green like the shade of Rosemary
Herb…calm ,natural, positive color
"
Dark Grass Green,Jagged ice ,0xffC2E8E5,"Light shade of baby blue with a little tone of cyan color… young ,refreshing ,cool color"
Dark Grass Green,Lisbon Brown ,0xff423921,"Lisbon brown from the shades of brown “mixture of orange and yellow color” ...warm ,earthy ,ground, dark woody color"
Dark Grass Green,Muddy Waters ,0xffB78E5C,"Muddy water is a mixture of brown and orange colors  like the color of mud....warm ,natural ,traditional earthy color"
Dark Grass Green,Sand ,0xffE2CA76,it is a dark shade of golden color. It is derived from the critters often seen washing up on the beach. It is reminiscent of the beach and warm summer days.
Dark Grass Green,Peach ,0xffFFB07C,"peach is a unique mixture of orange , yellow and white ...gives a sense of joy ,warmness, comfortability , considered as a positive ,soft ,fuzzy and fruity color"
Dark Grass Green,Thistle Green ,0xffCCCAA8,"Thistle Green from the yellow shades with a  little green undertone….calm ,natural, lightweight color"
Dark Grass Green,Lemon Ginger ,0xffAC9E22,"Lemon orange is a mixture of yellow and orange color… Mold, positive, artsy color"
Aqua,Dark blue grey ,0xff1F3B4D,"Dark blue grey as a color can be often confused with Navy Blue as they are closely related., it is also classic, royal, nautical, strong color"
Aqua,Deep Aqua ,0xff08787F,"Deep Aqua Belongs to the family of dark cyan (greenish-blue color) …. considered as a clinical, claiming, creative, cleanliness color"
Aqua,Eastern Blue ,0xff1E9AB0,"Eastern Blue is a mixture of cyan and blue colors...considered as a clinical, claiming, , creative  and cleanliness color"
Aqua,Downy ,0xff6FD0C5,"Downy belongs to the soft shades of Pastel Cyan (mixture of green and cyan), considered as a clinical, claiming, creative and cleanliness color"
Aqua,Tan ,0xffD1B26F,"Tan is a pale shade of brown, evokes warmth and security...considered as a positive ,rustic, woody color "
Aqua,grey olive ,0xffA9A491,"It is a mixture of white, light grey and a bit of olive color. It is a perfect paint color for a rich and historical statement in a dining room or public space. A soft peaceful color and also was widely used as a camouflage color for uniforms and equipment in the armed forces"
Aqua,Light grey ,0xffD8DCD6,"Light shade of grey “mixture of black and white “like the clouds … mature, responsible, strict color “the color of old ages”"
Aqua,Almond,0xffEFDECD,"Almond is a buttery shade of light brown rosier than beige…calm ,lightweight ,classic ,relaxing color"
Aqua,Dusty Rose ,0xffC0737A,"A soft mix of pink and purple hues, the color Dusty Rose is timeless and elegant but not extravagantly showy. Its soft and cozy color also adds depth and tranquility. Dusty Rose is usually associated with affection, love, romance and happiness. Dark, natural green shades work best with Dusty Rose"
Aqua,Rose Taupe,0xff905D5D,"The color taupe is a shade from the rose color, and it’s a combination of the rose and brown color. taupe is often found in interiors that seek to be cozy and welcoming."
Turquoise Blue,Blue Chill ,0xff0C8990,"Blue Chill belongs to the shades Cyan ,...considered as a clinical ,claiming , creative  and cleanliness color"
Turquoise Blue,Medium Turquoise ,0xff48CCCD,"Turquoise is a shade of blue“mixture of blue and little green “ that lies on the scale between blue and green. color of oceans ,gemstone and water"
Turquoise Blue,Ice berg,0xffDAF4F0,"Iceberg is a mixture of white and pastel colors , like the color of snow…cool ,calm ,relaxing ,refreshing color"
Turquoise Blue,beige ,0xffF5F5DC,"Beige is a light, sandy fawn color...used to describe pale and light brown shades, considered as calm, relaxing, and dependable"
Turquoise Blue,Peach puff ,0xffFFDAB9,"Peach Puff is belongs to the family of pastel orange , mixture of orange , yellow and white ...gives a sense of joy ,warmness, comfortability , considered as a positive ,soft ,fuzzy and fruity color"
Turquoise Blue,Dark salmon ,0xffE9967A,"Dark salmon is a mixture of salmon and a little grey. it is used to refer to colors ranging from pale pinkish-orange to light pink, it is considered a hopeful color and a signal of health and happiness"
Turquoise Blue,French beige ,0xffA67B5B,"it is light brown that is darker yellower than blush and redder darker than cork. warm, natural, traditional earthy color Gives you reliability, elegance, security, healing, home, grounding, foundations, stability, warmth, and honesty"
Turquoise Blue,Cedar ,0xff3E1C14,"cedar from the shades of dark red close to the brown tones...positive, strong, established ,earthy color "
Turquoise Blue,grey olive ,0xffA9A491,"It is a mixture of white, light grey and a bit of olive color. It is a perfect paint color for a rich and historical statement in a dining room or public space. A soft peaceful color and also was widely used as a camouflage color for uniforms and equipment in the armed forces"
Turquoise Blue,Dark grey ,0xff363737,"dark shade of grey “mixture of black and white “ like the color of asphalt…Serious, formal, classic, gothic, authoritative, conservative, pious and respectful color "
Dark Orange,colonial white ,0xffFFEDBC,"Colonial white is a very light shade of yellow…..A pale, neutral, caramel white with a bronze undertone… creates an elegant overall wall and ceiling color...a smooth ,warm ,creamy ,neutral and a classical color"
Dark Orange,Peach,0xffFFB07C,"peach is a unique mixture of orange , yellow and white ...gives a sense of joy ,warmness, comfortability , considered as a positive ,soft ,fuzzy and fruity color"
Dark Orange,Texas Rose ,0xffFFB555,"Texas Rose from orange shades. A soft, muted, salmon red with a brick undertone… warm, positive, fruitful, energizing ,juicy color"
Dark Orange,Cedar,0xff3E1C14,"cedar from the shades of dark red close to the brown tones...positive, strong, established, earthy color"
Dark Orange,French beige ,0xffA67B5B,"it is light brown that is darker yellower than blush and redder darker than cork. warm, natural, traditional earthy color Gives you reliability, elegance, security, healing, home, grounding, foundations, stability, warmth, and honesty."
Dark Orange,beige,0xffF5F5DC,"Beige is a light, sandy fawn color...used to describe pale and light brown shades,considered as calm, relaxing, and dependable"
Dark Orange,Dark blue grey ,0xff1F3B4D,"Dark blue grey as a color can be often confused with Navy Blue as they are closely related., it is also classic, royal, nautical, strong color"
Dark Orange,Teal ,0xff029386,"Teal is a deep blue-green color, and is symbolic of the infinity of the sea and sky. Represents open communication and clarity of thought” the color of truth and faith for Egyptians"
Dark Orange,Light grey ,0xffD8DCD6,"Light shade of grey “mixture of black and white “like the clouds... mature, responsible, strict color “the color of old ages”"
Dark Orange,Slate grey ,0xff708090,"Slate gets its name from the rock used as a popular building material. Slate’s color varies in nature and can be gray, blue, black, and even purplish-gray. neutral, cool, balanced, calming, often emotionless, yet also contemporary, sophisticated, intelligent, conservative, and practical"
pale lime,snow flurry,0xffE4FFD1,"Snow Flurry is from the very light shades of green color “mixture of yellow and green “...calm ,natural ,positive ,lightweight  color"
pale lime,Turtle Green,0xff75B84F,"Turtle Green from the light shades of green like the color of trees and grass.. calm, natural ,positive color"
pale lime,Medium Spring Green ,0xff348017,"Medium Spring Green is a shade of green-cyan , well-watered vegetation of early Spring…natural ,positive ,grassy color"
pale lime,grey Green ,0xff789B73,"Grey green “green and grey mixed” is from the shades of pastel green, color of trees and grass…. positive ,calm ,neutral ,natural color"
pale lime,beige,0xffF5F5DC,"Beige is a light, sandy fawn color...used to describe pale and light brown shades,considered as calm, relaxing, and dependable"
pale lime,Aqua island ,0xffA1DAD7,"it is a variation of cyan that sits between green and blue, but darker than cyan. It is also young, refreshing, cool color. It is a mixture of cyan color"
pale lime,fountain blue ,0xff56B4BE,"Fountain Blue color is primarily a color from the Blue color family. It is also .... young, refreshing, cool color. It is a mixture of cyan color"
pale lime,Navy ,0xff01153E,"Navy is a very dark shade of blue. Classic, royal ,nautical, strong color"
pale lime,Light grey ,0xffD8DCD6,"Light shade of grey “mixture of black and white “like the clouds... mature, responsible, strict color “the color of old ages"
pale lime,Dark grey ,0xff363737,"dark shade of grey “mixture of black and white “ like the color of asphalt…Serious, formal, classic, gothic, authoritative, conservative, pious and respectful color "
Bright Gold,Buff ,0xffFEF69E,"Buff is a light shade of pale yellow…..positive ,happy ,comfort ,morning color."
Bright Gold,burnt yellow,0xffD5AB09,"Burnt yellow comes from the shades of yellow color mixed with some amount of orange color ,close to Mustard..… warm, luminous, comfort positive color"
Bright Gold,Dairy cream ,0xffF9E4BC,"Dairy Cream gets its name from the dairy product naturally produced by grazing cows.  A quiet and pleasant shade, cream is neutral, calm and relaxing."
Bright Gold,Peach ,0xffFFB07C,"peach is a unique mixture of orange , yellow and white ...gives a sense of joy ,warmness, comfortability , considered as a positive ,soft ,fuzzy and fruity color"
Bright Gold,French beige ,0xffA67B5B,"it is light brown that is darker yellower than blush and redder darker than cork. warm, natural, traditional earthy color Gives you reliability, elegance, security, healing, home, grounding, foundations, stability, warmth, and honesty."
Bright Gold,Metallic Bronze,0xff49371B,"Bronze is a metallic brown color that looks like the actual alloy bronze, and darker than copper… warm ,earthy ,rich ,positive color"
Bright Gold, blue stone ,0xff016162,"Blue stone From the shades of dark cyan close to teal tones...considered as a clinical ,claiming, , creative  and cleanliness color"
Bright Gold,Light Sea Green ,0xff3EA99F,"Light sea green from the shades of medium cyan...considered as a clinical ,claiming, , creative  and cleanliness color"
Bright Gold,Fountain blue ,0xff56B4BE,"Fountain Blue color is primarily a color from the Blue color family. It is also .... young, refreshing, cool color. It is a mixture of cyan color."
Bright Gold,Dark grey ,0xff363737,"dark shade of grey “mixture of black and white “ like the color of asphalt…Serious, formal, classic, gothic, authoritative, conservative, pious and respectful color "
Sunny Yellow,light beige,0xffFFFEB6,"Light beige from the shades of pastel yellow comes from  mixing of brown and white colors with some yellow color to brighten it… lightweight ,happy ,optimistic ,relaxing  color"
Sunny Yellow,barberry,0xffDED717,"Barberry color from the shades of yellow but not as it’s brightness, optimistic, playful, and happy color"
Sunny Yellow,burnt yellow,0xffD5AB09,"Burnt yellow comes from the shades of yellow color mixed with some amount of orange color ,close to Mustard..… warm, luminous, positive ,comfort color"
Sunny Yellow,Vanilla Ice ,0xffF3D9DF,"vanilla ice is the pinkish shade of the vanilla color “light shade of pink”... romantic , smooth , soft , lightweight color"
Sunny Yellow,Light Mauve ,0xffC292A1,"Light mauve is a light mixture between red and pink colors….positive ,romantic,thoughtful color like the  color of mallow flower)"
Sunny Yellow,Dark Magenta ,0xff8B008B,"it is a darker shade of magenta. and The magenta color is a mixture of violet and red. Magenta is the color of universal harmony and emotional balance. It contains the passion, power and energy of red, restrained by the introspection and quiet energy of violet.)"
Sunny Yellow,Dark grey ,0xff363737,"dark shade of grey “mixture of black and white “ like the color of asphalt…Serious, formal, classic, gothic, authoritative, conservative, pious and respectful color "
Sunny Yellow,Pastel Grey,0xffCFCFC4,"light shade of yellow green... mature, responsible, strict color “the color of old ages "
Sunny Yellow,Teal ,0xff029386,"Teal is a deep blue green color, is symbolic of the infinity of the sea and sky. Represents open communication and clarity of thought” the color of truth and faith for Egyptians”"
Sunny Yellow,Fountain blue ,0xff56B4BE,"Fountain Blue color is primarily a color from the Blue color family. It is also .... young, refreshing, cool color. It is a mixture of cyan color."
Beige,Vanilla ,0xffD1BEA8,"Vanilla color is a very light shade of brown mostly used in home paintings ( dining room ,kitchen ,bed room) ...A warm ,calm , classic ,positive ,smooth color"
Beige,Rose Taupe,0xff905D5D,"The color taupe is a shade from the rose color, and it’s a combination of the rose and brown color. taupe is often found in interiors that seek to be cozy and welcoming"
Beige,Dairy cream ,0xffF9E4BC,"Dairy Cream gets its name from the dairy product naturally produced by grazing cows.  A quiet and pleasant shade, cream is neutral, calm and relaxing"
Beige,Peach ,0xffFFB07C,"peach is a unique mixture of orange , yellow and white ...gives a sense of joy ,warmness, comfortability , considered as a positive ,soft ,fuzzy and fruity color"
Beige,Dark salmon ,0xffE9967A,"Dark salmon is a mixture of salmon and a little grey. it is used to refer to colors ranging from pale pinkish-orange to light pink, it is considered a hopeful color and a signal of health and happiness."
Beige,French beige ,0xffA67B5B,"it is light brown that is darker yellower than blush and redder darker than cork. warm, natural, traditional earthy color Gives you reliability, elegance, security, healing, home, grounding, foundations, stability, warmth, and honesty"
Beige,Meteor ,0xffD07D12,"Meteor is from the shades of orange color… fruity ,positive ,warm color"
Beige,Jagged ice ,0xffC2E8E5,"Light shade of baby blue with a little tone of cyan color… young ,refreshing ,cool color"
Beige,Fountain blue ,0xff56B4BE,"Fountain Blue color is primarily a color from the Blue color family. It is also .... young, refreshing, cool color. It is a mixture of cyan color."
Beige,Dark blue grey ,0xff1F3B4D,"Dark blue grey as a color can be often confused with Navy Blue as they are closely related., it is also classic, royal, nautical, strong color."
Dark Violet,Pale lavender,0xffEECFFE,"Pale lavender is a very light shade of blue magenta , like the colors of the  lavender , orchid flowers in spring.. ,positive romantic nostalgic color  "
Dark Violet,Purple Dragon,0xffC38EC7,"Purple dragon color comes from the shades of pastel magenta , like the magenta color in rainbow but a little lighter , known as the color of harmony and balance positive romantic nostalgic color"
Dark Violet,Eggplant ,0xff380835,"Egg plant from the dark shades of magenta dark purple or brownish-purple color, like the magenta color in rainbow but darker and Aubergine plant……dramatic, rich ,royal ,sensual color"
Dark Violet,Titan white,0xffF0EEFF,Titan white from the very light shades of pastel blue “ mixing a very little amount of blue with white” like the soft shades of the sky…positive romantic nostalgic color
Dark Violet,Light grey green,0xffB7E1A1,"Light grey green “green and grey mixed” is from the shades of pastel spring green lighter from the dark grass green and green peas..calm ,natural ,positive ,grassy color"
Dark Violet,grey Green ,0xff789B73,"Grey green “green and grey mixed” is from the shades of pastel green, color of trees and grass….positive ,calm ,neutral ,natural color"
Dark Violet,Dark grey ,0xff363737,"dark shade of grey “mixture of black and white “ like the color of asphalt…Serious, formal, classic, gothic, authoritative, conservative, pious and respectful color "
Dark Violet,Heathered grey ,0xffB6B095,"It is a mixture between white, black and a little brown. And the word Heather refers to a soft, muted color caused by blending different fibers into one yarn"
Dark Violet,Peach schnapps ,0xffFFDCD6,"Mixture of Peach and a little white. It gives a sense of joy, warmness. considered as a positive, soft and fruity color"
Dark Violet,Dusty Rose ,0xffC0737A,"A soft mix of pink and purple hues, the color Dusty Rose is timeless and elegant but not extravagantly showy. Its soft and cozy color also adds depth and tranquility. Dusty Rose is usually associated with affection, love, romance and happiness. Dark, natural green shades work best with Dusty Rose."
Indigo,Pale lavender,0xffEECFFE,"Pale lavender is a very light shade of blue magenta , like the colors of the  lavender , orchid flowers in spring…positive romantic nostalgic color"
Indigo,Blue bell,0xff9999CC,Blue bell is a medium light shade of blue-magenta… positive spiritual meditative nostalgic color
Indigo,Scampi ,0xff675FA6,scampi is a mixture of blue magenta color… positive spiritual meditative nostalgic color
Indigo,Dark grey ,0xff363737,"dark shade of grey “mixture of black and white “ like the color of asphalt…Serious, formal, classic, gothic, authoritative, conservative, pious and respectful color "
Indigo,beige,0xffF5F5DC,"Beige is a light, sandy fawn color...used to describe pale and light brown shades,considered as calm, relaxing, and dependable"
Indigo,desert sand ,0xffEDC9AF,"A cross between orange and brown, desert sun is warm and welcoming without the youthful quality of tangerine or a brighter orange. and also gives a sense of joy, warmness, soft, and fuzzy."
Indigo,Rose Taupe,0xff905D5D,"The color taupe is a shade from the rose color, and it’s a combination of the rose and brown color. taupe is often found in interiors that seek to be cozy and welcoming"
Indigo,Vanilla ,0xffD1BEA8,"Vanilla color is a very light shade of brown mostly used in home paintings ( dining room ,kitchen ,bed room) ...A warm ,calm , classic ,positive ,smooth color"
Indigo,Tan ,0xffD1B26F,"Tan is a pale shade of brown , evokes warmth and security...considered as a positive,rustic,woody color "
Indigo,Pale brown ,0xff987654,"it is like the brown color but paler. Gives you reliability, elegance, security, healing, home, grounding, foundations, stability, warmth, and honesty"
Purple Jam,Pale lavender,0xffEECFFE,"Pale lavender is a very light shade of blue magenta , like the colors of the  lavender , orchid flowers in spring.. ,positive romantic nostalgic color  "
Purple Jam,Purple Dragon,0xffC38EC7,"Purple dragon color comes from the shades of pastel magenta , like the magenta color in rainbow but a little lighter , known as the color of harmony and balance.. positive romantic nostalgic color"
Purple Jam,Dust Storm,0xffE5CCC9,Dust storm from the bale shades of light red…...soft cozy nostalgic color
Purple Jam,Slate grey ,0xff708090,"Slate gets its name from the rock used as a popular building material. Slate’s color varies in nature and can be gray, blue, black, and even purplish-gray. neutral, cool, balanced, calming, often emotionless, yet also contemporary, sophisticated, intelligent, conservative, and practical"
Purple Jam,Dark grey ,0xff363737,"dark shade of grey “mixture of black and white “ like the color of asphalt…Serious, formal, classic, gothic, authoritative, conservative, pious and respectful color "
Purple Jam,Jagged ice ,0xffC2E8E5,"Light shade of baby blue with a little tone of cyan color… young ,refreshing ,cool color"
Purple Jam,Fountain blue ,0xff56B4BE,"Fountain Blue color is primarily a color from the Blue color family. It is also .... young, refreshing, cool color. It is a mixture of cyan color."
Purple Jam,beige,0xffF5F5DC,"Beige is a light, sandy fawn color...used to describe pale and light brown shades,considered as calm, relaxing, and dependable"
Purple Jam,Rose,0xffE8ADAA,"The color rose always had a strong female association due to its warmth, softness and connection with love and emotion. ‘Rose’ has also been linked to beauty and positivity"
Purple Jam,Dusty Rose ,0xffC0737A,"A soft mix of pink and purple hues, the color Dusty Rose is timeless and elegant but not extravagantly showy. Its soft and cozy color also adds depth and tranquility. Dusty Rose is usually associated with affection, love, romance and happiness. Dark, natural green shades work best with Dusty Rose"
Eggplant,Vanilla Ice ,0xffF3D9DF,"vanilla ice is the pinkish shade of the vanilla color “light shade of pink” ... romantic, smooth, soft, lightweight color"
Eggplant,Light Mauve ,0xffC292A1,"Light mauve is a light mixture between red and pink colors….positive ,romantic, thoughtful color like the  color of mallow flower"
Eggplant,Dirty purple,0xff734A65,"Dirty Purple comes from ‘mixing red and blue’ dark shades of violet color, femine, color, indicates to the creativity, Imagination ,luxury and wealth"
Eggplant,Pastel Grey,0xffCFCFC4,"light shade of yellow green... mature, responsible, strict color “the color of old ages "
Eggplant,Brass ,0xffB5A642,"Brass belongs to the family of olive green, a mixture of olive green and brown,used in painting metals and instruments ….positive ,neutral , warm color"
Eggplant,Light grey green,0xffB7E1A1,"Light grey green “green and grey mixed” is from the shades of pastel spring green lighter from the dark grass green and green peas... calm, natural, positive ,grassy color"
Eggplant,Bay Leaf ,0xff7DA98D,"Bay leaf from the shades of ocean green like the shade of Rosemary herb…calm, natural, positive color"
Eggplant,Slate grey ,0xff708090,"Slate gets its name from the rock used as a popular building material. Slate’s color varies in nature and can be gray, blue, black, and even purplish-gray. neutral, cool, balanced, calming, often emotionless, yet also contemporary, sophisticated, intelligent, conservative, and practical"
Eggplant,Jagged ice ,0xffC2E8E5,"Light shade of baby blue with a little tone of cyan color… young ,refreshing ,cool color"
Eggplant,Titan white,0xffF0EEFF,Titan white from the very light shades of pastel blue “mixing a very little amount of blue with white” like the soft shades of the sky……positive romantic nostalgic color
Lavender,Titan white,0xffF0EEFF,Titan white from the very light shades of pastel blue “mixing a very little amount of blue with white” like the soft shades of the sky……positive romantic nostalgic color
Lavender,Light lavender ,0xffDFC5FE,"Light Lavender comes out by “mixing purple with white”,  like a sort of very diluted purple… positive romantic nostalgic color"
Lavender,Purple Dragon,0xffC38EC7,"Purple dragon color comes from the shades of pastel magenta , like the magenta color in rainbow but a little lighter , known as the color of harmony and balance.. positive romantic nostalgic color"
Lavender,Dirty purple,0xff734A65,"Dirty Purple comes from ‘mixing red and blue’ dark shades of violet color, femine, color, indicates to the creativity, Imagination ,luxury and wealth"
Lavender,beige,0xffF5F5DC,"Beige is a light, sandy fawn color...used to describe pale and light brown shades,considered as calm, relaxing, and dependable"
Lavender,Light grey green,0xffB7E1A1,"Light grey green ”green and grey mixed” is from the shades of pastel  spring green lighter from the dark grass green and green peas… calm ,natural ,positive ,grassy color"
Lavender,grey Green ,0xff789B73,"Grey green “green and grey mixed” is from the shades of pastel green, color of trees and grass. positive, calm ,neutral ,natural color"
Lavender,Teal ,0xff029386,"Teal is a deep blue green color, is symbolic of the infinity of the sea and sky. Represents open communication and clarity of thought” the color of truth and faith for Egyptians"
Lavender,Dark grey ,0xff363737,"dark shade of grey “mixture of black and white “ like the color of asphalt…Serious, formal, classic, gothic, authoritative, conservative, pious and respectful color "
Lavender,Pastel Grey,0xffCFCFC4,"light shade of yellow green... mature, responsible, strict color “the color of old ages "
Light brown,beige,0xffF5F5DC,"Beige is a light, sandy fawn color...used to describe pale and light brown shades,considered as calm, relaxing, and dependable"
Light brown,Tan ,0xffD1B26F,"Tan is a pale shade of brown , evokes warmth and security...considered as a positive,rustic,woody color "
Light brown,Brass ,0xffB5A642,"Brass belongs to the family of olive green, a mixture of olive green and brown,used in painting metals and instruments ….positive ,neutral , warm color"
Light brown,Dark brown,0xff341C02,"Dark brown is a mixture of black ,red and yellow…earthy ,grounded ,warm ,woody color"
Light brown,grey Green ,0xff789B73,"Grey green “green and grey mixed” is from the shades of pastel green, color of trees and grass….positive ,calm ,neutral ,natural color"
Light brown,Dull green ,0xff74A662,"Dull green from the shades of pastel spring green like the color of  light herbs and plants…...positive ,calm ,neutral ,natural color"
Light brown,Very pale green ,0xffCFFDBC,"very pale green from the  lightest shade of green..positive ,calm ,neutral ,natural ,smooth  color"
Light brown,Peach ,0xffFFB07C,"peach is a unique mixture of orange , yellow and white ...gives a sense of joy ,warmness, comfortability , considered as a positive ,soft ,fuzzy and fruity color"
Light brown,Peach puff ,0xffFFDAB9,"Peach Puff belongs to the family of pastel orange, a mixture of orange , yellow and white. and also gives a sense of joy ,warmness, soft ,and fuzzy"
Light brown,Dark salmon ,0xffE9967A,"Dark salmon is a mixture of salmon and a little grey. it is used to refer to colors ranging from pale pinkish-orange to light pink, it is considered a hopeful color and a signal of health and happiness"
Persian Red,dark red ,0xff840000,"A Dark shade of red like the color of blood and fire...A Color of courage , anger, passion and love"
Persian Red,Apple blossom ,0xffAF4D43,"is a saturated dark warm red, It gives you sense of warm and hot feeling"
Persian Red,Dark salmon ,0xffE9967A,"Dark salmon is a mixture of salmon and a little grey. it is used to refer to colors ranging from pale pinkish-orange to light pink, it is considered a hopeful color and a signal of health and happiness."
Persian Red,Peach puff ,0xffFFDAB9,"Peach Puff is belongs to the family of pastel orange , mixture of orange , yellow and white ...gives a sense of joy ,warmness, comfortability , considered as a positive ,soft ,fuzzy and fruity color"
Persian Red,Tan ,0xffD1B26F,"Tan is a pale shade of brown , evokes warmth and security...considered as a positive,rustic,woody color "
Persian Red,beige,0xffF5F5DC,"Beige is a light, sandy fawn color...used to describe pale and light brown shades,considered as calm, relaxing, and dependable"
Persian Red,Light grey ,0xffD8DCD6,"Light shade of grey “mixture of black and white “like the clouds... mature, responsible, strict color “ the color of old ages”"
Persian Red,Dark grey ,0xff363737,"dark shade of grey “mixture of black and white “ like the color of asphalt…Serious, formal, classic, gothic, authoritative, conservative, pious and respectful color "
Persian Red,Blue Whale ,0xff042E4C,"Blue whale is from the shades of dark sky blue.. classic, royal ,nautical, strong color"
Persian Red,Dusty blue ,0xff5A86AD,"is a color averaging a pale blue that is redder and darker than average powder blue. It’s considered as a clinical, claiming, creative and cleanliness color"
black,Slate grey ,0xff708090,"Slate gets its name from the rock used as a popular building material. Slate’s color varies in nature and can be gray, blue, black, and even purplish-gray. neutral, cool, balanced, calming, often emotionless, yet also contemporary, sophisticated, intelligent, conservative, and practical"
black,Light grey ,0xffD8DCD6,"Light shade of grey “mixture of black and white “like the clouds... mature, responsible, strict color “ the color of old ages”"
black,beige,0xffF5F5DC,"Beige is a light, sandy fawn color...used to describe pale and light brown shades,considered as calm, relaxing, and dependable"
black,Vanilla Ice ,0xffF3D9DF,"vanilla ice is the pinkish shade of the vanilla color “light shade of pink”... romantic , smooth , soft , lightweight color"
black,Light Mauve ,0xffC292A1,"Light mauve is a light mixture between red and pink colors….positive ,romantic,thoughtful color like the  color of mallow flower"
black,Tan ,0xffD1B26F,"Tan is a pale shade of brown , evokes warmth and security...considered as a positive,rustic,woody color "
black,melon ,0xffFEBAAD,"it is a shade from the orange color family but lighter, it is a pinkish shade of orange. and also gives a sense of joy, warmness, soft, and fuzzy"
black,desert sand ,0xffEDC9AF,"A cross between orange and brown, desert sun is warm and welcoming without the youthful quality of tangerine or a brighter orange. and also gives a sense of joy, warmness, soft, and fuzzy"
black,Bean red ,0xffF75D59,"is a saturated, very very light warm red, It also gives you a sense of warm and hot feeling."
black,dark red ,0xff840000,"A Dark shade of red like the color of blood and fire...A Color of courage , anger, passion and love"
white Smoke,silver ,0xffC5C9C7,"Silver and grey are very similar both are mixture of black and white but silver has pearly metallic tint on it…. positive, classy ,cool ,modern color"
white Smoke,Baby Blue ,0xffA2CFFE,"Baby blue is like sky blue but paler, used as the color for newborn males. Young, fresh ,playful color"
white Smoke,Fountain blue ,0xff56B4BE,"Fountain Blue color is primarily a color from the Blue color family. It is also .... young, refreshing, cool color. It is a mixture of cyan color."
white Smoke,Teal ,0xff029386,"Teal is a deep blue green color, is symbolic of the infinity of the sea and sky. Represents open communication and clarity of thought” the color of truth and faith for Egyptians"
white Smoke,Mustard ,0xffCEB301,"Mustard comes from mixing yellow color with little amount of orange… warm    ,luminous, positive color"
white Smoke,Peach puff ,0xffFFDAB9,"Peach Puff is belongs to the family of pastel orange , mixture of orange , yellow and white ...gives a sense of joy ,warmness, comfortability , considered as a positive ,soft ,fuzzy and fruity color"
white Smoke,Dark salmon ,0xffE9967A,"Dark salmon is a mixture of salmon and a little grey. it is used to refer to colors ranging from pale pinkish-orange to light pink, it is considered a hopeful color and a signal of health and happiness."
white Smoke,Rose taupe ,0xff905D5D,"The color taupe is a shade from the rose color, and it’s a combination of the rose and brown color. taupe is often found in interiors that seek to be cozy and welcoming"
white Smoke,Flirt ,0xffA2006D,"is a very saturated light warm rose. had a strong female association due to its warmth, softness and connection with love and emotion"
white Smoke,Dark grey ,0xff363737,"dark shade of grey “mixture of black and white “ like the color of asphalt…Serious, formal, classic, gothic, authoritative, conservative, pious and respectful color "
Firebrick,dark red ,0xff840000,"A Dark shade of red like the color of blood and fire...A Color of courage , anger, passion and love"
Firebrick,Apple blossom ,0xffAF4D43,"is a saturated dark warm red, It gives you a sense of warm and hot feeling."
Firebrick,Dark salmon ,0xffE9967A,"Dark salmon is a mixture of salmon and a little grey. it is used to refer to colors ranging from pale pinkish-orange to light pink, it is considered a hopeful color and a signal of health and happiness."
Firebrick,Peach puff ,0xffFFDAB9,"Peach Puff is belongs to the family of pastel orange , mixture of orange , yellow and white ...gives a sense of joy ,warmness, comfortability , considered as a positive ,soft ,fuzzy and fruity color"
Firebrick,Tan ,0xffD1B26F,"Tan is a pale shade of brown , evokes warmth and security...considered as a positive,rustic,woody color "
Firebrick,Dark brown,0xff341C02,"Dark brown is a mixture of black ,red and yellow…earthy ,grounded ,warm ,woody color"
Firebrick,Light grey ,0xffD8DCD6,"Light shade of grey “mixture of black and white “like the clouds... mature, responsible, strict color “ the color of old ages”"
Firebrick,Baby Blue ,0xffA2CFFE,"Baby blue is like sky blue but paler, used as the color for newborn males. Young, fresh ,playful color"
Firebrick,Fountain blue ,0xff56B4BE,"Fountain Blue color is primarily a color from the Blue color family. It is also .... young, refreshing, cool color. It is a mixture of cyan color."
Firebrick,Blue Whale ,0xff042E4C,"Blue whale is from the shades of dark sky blue.. classic, royal ,nautical, strong color"
